"day_of_week","day_name","avg_daily_questions","total_questions","avg_unanswered_pct"
"1","Monday","50368.872366412214","329916114","0.00"
"3","Wednesday","50359.979499922348","324267908","0.00"
"2","Tuesday","50344.025077881620","323208641","0.00"
"0","Sunday","50305.457213469262","325677530","0.00"
"5","Friday","50276.096784168213","325185794","0.00"
"4","Thursday","50267.729173118613","324628995","0.00"
"6","Saturday","50203.616892207186","322759053","0.00"
